first_name,last_name,email,dob
Amanda,Williams,kaylaarmstrong@example.net,2004-11-19
Pamela,Bradshaw,williamschelsey@example.org,1996-08-09
Rachel,Schneider,kfigueroa@example.net,2003-09-07
Linda,Mooney,kimberly60@example.org,2007-10-09
Danielle,Martinez,sandra31@example.org,1995-04-20
John,Walker,cody86@example.org,1996-05-06
Amber,Stone,jessicasantiago@example.com,2000-08-18
Patricia,Cox,jonathansheppard@example.net,2002-03-02
David,Perez,brownthomas@example.net,2005-06-28
Nathan,Walters,wyattrandy@example.net,1996-10-25
Karen,Carroll,joshuahall@example.net,1996-02-02
Casey,Gonzalez,rodriguezdawn@example.net,1996-02-24
Paul,Cunningham,hlawson@example.net,1995-12-06
Christina,Smith,mark69@example.net,2000-10-06
Arthur,Medina,santiagotony@example.org,2006-07-06
Suzanne,Brady,vgonzalez@example.com,1995-03-30
Bobby,Jones,melissanash@example.com,1995-11-01
Jerry,Marsh,brenda22@example.net,2000-09-13
Caitlyn,Scott,zthomas@example.net,2005-05-11
Tonya,Wilson,michael96@example.org,2002-11-11
Eric,Hunter,gchandler@example.org,2004-07-24
Joseph,Oconnell,johnferguson@example.org,2007-11-11
Melinda,Roberts,gatesamy@example.org,1998-08-23
Amber,Humphrey,alexandertiffany@example.org,2003-01-22
Daniel,Pope,smithmichael@example.com,2004-12-22
Peter,Ross,zsantana@example.org,2003-12-26
Linda,Salazar,martinezjenny@example.com,2004-06-05
Scott,West,greenheather@example.net,1999-06-05
Shelley,Kennedy,yrobertson@example.com,1996-05-20
Amanda,Madden,gbrown@example.org,1998-05-10
Ashley,Campbell,ronaldschultz@example.net,2001-10-13
Victor,Hunt,yperez@example.net,1996-07-27
Kylie,Campbell,lindsay73@example.com,2006-08-04
April,Lopez,bguzman@example.org,1997-06-13
Zachary,Ballard,roberto71@example.com,2001-04-04
Melissa,Manning,michelle54@example.org,1995-07-01
Maria,Hughes,chambersashley@example.net,2007-01-28
Michael,Garrett,ilee@example.com,1997-02-24
Emily,Jordan,smckee@example.com,1995-12-09
Mary,Young,devinheath@example.com,2003-08-09
Angel,Fitzgerald,joseph89@example.com,2006-05-26
Jennifer,Young,sharonking@example.org,2001-06-25
Walter,Coffey,hayleymartin@example.com,2001-07-19
Rachel,Jenkins,skrueger@example.net,2001-10-06
David,Bailey,laurenhoward@example.org,2007-05-16
Alyssa,Hamilton,amitchell@example.net,2007-02-21
Kimberly,Mcdonald,robinstewart@example.net,2003-07-25
Aaron,Gonzalez,huffmandebra@example.com,2003-04-23
Karla,Chambers,adecker@example.org,2006-03-14
Johnathan,King,john20@example.net,1997-09-13
Brandi,Casey,cdavila@example.net,2000-02-29
Robert,Robbins,iwilliams@example.org,1999-06-06
Tyler,Whitney,newing@example.com,2000-12-24
Jeremy,Green,andrewprice@example.net,2005-01-27
Dalton,Bradley,eharris@example.com,1995-06-17
Kathy,Hardy,hansenelijah@example.com,2005-06-07
Michael,Brown,snydermichelle@example.net,2007-07-08
Jessica,Alvarez,kylehenderson@example.net,2006-07-26
Patrick,Harvey,foconnell@example.net,2004-07-16
Alexandra,Foster,michael91@example.com,2005-01-21
Cheryl,Hudson,turnernicholas@example.com,2003-11-28
Summer,Richards,hensleyamber@example.com,1997-02-28
Sarah,Bennett,andrew38@example.com,2008-01-04
Raymond,Nelson,grahamjeffrey@example.org,2005-08-12
Amy,Roth,evanlewis@example.net,1996-09-21
Tina,Singleton,santiagocraig@example.com,2005-03-02
Audrey,Kim,edwinkirby@example.org,1996-04-05
David,Bailey,john69@example.net,2001-04-01
James,Thomas,russell38@example.net,1997-08-20
Joshua,Mcneil,ysmith@example.com,1998-05-20
Maria,Aguirre,jasmine38@example.net,1998-09-09
Ann,Parker,lindsey47@example.org,2006-02-04
James,Cervantes,thomashurst@example.org,2004-07-14
Eric,Baker,richard76@example.com,1997-12-30
Joseph,Wallace,hayeskatrina@example.com,2005-04-22
Michael,Alvarez,davidmorales@example.net,2007-07-06
John,Price,williamsjennifer@example.com,1999-12-22
Philip,Gonzalez,kristen65@example.net,2001-05-24
Kimberly,Beltran,perezmichelle@example.com,2006-04-14
Sara,Garcia,amystewart@example.net,1999-07-10
Anthony,Larsen,rstephens@example.com,2003-04-01
Cody,Stevens,patrick30@example.net,2005-07-05
Jennifer,King,joseph97@example.org,2000-10-09
Annette,Richard,rebecca06@example.com,2000-08-13
Kelly,Chang,churchsusan@example.com,2002-12-06
Robert,Gray,umorris@example.net,2003-07-29
David,Edwards,psmith@example.org,2001-05-20
Valerie,Carroll,morenolawrence@example.com,1995-01-27
Brooke,West,megannash@example.org,2004-04-23
Heather,Murphy,johnstonharry@example.org,2002-05-03
Derek,Davis,jeremy74@example.net,2005-08-16
Michael,Clay,katelynbrooks@example.org,2006-10-10
Patricia,Gray,barrkaitlin@example.com,2003-02-06
Kimberly,Kelley,melissa04@example.net,2006-03-01
Gina,Mcdaniel,kbrown@example.com,1995-11-07
Jennifer,Webster,bobby00@example.com,2006-05-04
Jesse,Sloan,rbrown@example.com,1999-06-22
Kristen,Woods,bauernatasha@example.org,1999-04-27
Ethan,Lyons,curtis64@example.org,1999-05-14
Denise,Moore,bishoplauren@example.org,2006-05-22
Eric,Shea,wrightjesse@example.net,1998-06-27
Kyle,Khan,bhill@example.org,2001-11-25
Jared,Hoover,donnamckee@example.org,2006-05-04
Ricardo,Schmitt,william49@example.com,1996-01-26
Charles,Francis,tyler92@example.org,2005-05-11
Cynthia,Robertson,katherineramirez@example.org,2007-01-27
Frank,Glover,smathews@example.com,1999-07-16
Tony,Santiago,sheila38@example.com,1999-03-21
Joseph,Martinez,fzamora@example.com,2004-07-23
Samuel,Adams,marshalyssa@example.org,1999-09-16
Lisa,Wood,johnsonkelly@example.com,2007-08-06
Karina,Bernard,christopher41@example.com,2003-04-26
Stacy,Alvarado,jontorres@example.org,2005-12-02
Allison,Rivas,jessica68@example.net,2006-05-06
Aaron,Grant,rangelelizabeth@example.com,1996-05-30
Michelle,Wagner,jessica39@example.net,1995-05-30
Gerald,Jackson,chuang@example.org,2000-12-14
James,Valenzuela,lawrencedavid@example.com,2000-12-23
James,Lawrence,jfranco@example.net,1997-09-19
Elizabeth,Fuller,wiseelizabeth@example.net,2007-05-18
Christopher,Mendoza,hayesbruce@example.net,1995-09-06
Victoria,Wilson,adamsjacob@example.org,2005-04-22
Jimmy,Brady,pwatkins@example.org,2001-04-23
Caleb,Perez,gjohnson@example.net,2000-05-07
Tyrone,Tate,fgray@example.net,2006-07-11
Yvette,Gomez,smithnicole@example.org,2002-09-27
Charles,Mendoza,jorgebanks@example.com,1999-09-16
Michael,Walker,lynchamanda@example.net,1999-02-05
Ralph,Moon,dlarson@example.com,1996-03-07
Brianna,Ford,katie39@example.net,2000-12-23
Jonathan,Lee,randalldalton@example.org,2007-04-19
Paula,Harris,tnorton@example.org,2006-11-08
Jennifer,Ward,gregory62@example.net,2003-01-24
Michael,Parker,maurice02@example.org,2002-12-07
Jennifer,Reynolds,rickyholland@example.com,2000-03-24
Karen,Ross,jingram@example.com,2007-05-05
Claudia,Ruiz,adam27@example.com,2006-02-08
Mark,Johnson,alexiswilliams@example.org,1999-01-30
Tyler,King,sydney07@example.com,1997-04-29
Anna,Stephens,josephjohnson@example.org,1999-06-30
Jill,Brown,monicarodriguez@example.org,1998-06-27
Michael,Willis,perry02@example.com,2000-07-03
Kristin,Jenkins,brownnancy@example.net,1999-05-20
Megan,Russell,emily05@example.org,1996-11-18
Tammy,Smith,judy22@example.net,2005-05-03
Julie,Nguyen,christophergutierrez@example.org,2005-01-14
Dennis,Smith,william68@example.net,2001-12-30
Chloe,Williams,cassiebrown@example.net,2000-10-12
Gregory,Wilson,xblack@example.org,2004-11-06
Kathy,Willis,kevin13@example.net,2006-10-16
Deborah,Jackson,gcooper@example.net,2007-07-22
Raymond,Marsh,evanschristopher@example.net,2007-04-22
William,Zimmerman,richardsonmelissa@example.net,2006-11-20
Mary,Grimes,bshaw@example.com,2001-11-01
Nathaniel,Blake,jasonriley@example.org,2005-10-23
Amber,Jackson,jennifer47@example.org,1997-08-17
Sarah,Robinson,reeveswanda@example.net,2004-02-29
Meredith,Carroll,emarshall@example.com,2004-07-14
Jeffrey,Shepard,anthonycabrera@example.net,2002-05-04
Jon,Shaffer,deborahbarnes@example.com,2002-11-03
Jessica,Mahoney,wagnerdennis@example.org,2004-07-28
Colleen,Avery,carlsonann@example.net,2004-03-07
Joel,Smith,riverajacob@example.org,2007-02-20
Darren,Stewart,jonathan74@example.org,2005-08-09
Craig,Gonzalez,ian86@example.org,2000-01-03
Hannah,Cole,darren72@example.net,2003-10-23
Isabel,Ryan,sarah89@example.com,2001-07-27
Stephen,Thompson,martinezjamie@example.net,2006-11-28
Cindy,Mullins,martha86@example.org,2005-02-09
Mary,Bell,bbenton@example.com,1998-09-22
Sarah,Marquez,richmondmelissa@example.org,2005-02-21
David,Byrd,destiny67@example.org,2007-12-28
James,Diaz,courtneygraham@example.com,2005-05-28
Blake,Warren,ymason@example.org,2005-04-07
Chloe,Woods,brianquinn@example.net,2007-04-22
Lindsey,Johnson,matthewanderson@example.com,1996-03-08
Melissa,Martin,yodermichael@example.com,1995-10-26
Samantha,King,elizabethperez@example.com,2004-01-25
Joshua,Ellis,thomasbenjamin@example.com,1998-10-20
Alexis,Smith,bellshane@example.com,2001-06-19
Gary,King,stephenturner@example.net,2007-06-20
Luis,Williams,jbrown@example.org,2004-01-19
John,Brown,brianpennington@example.com,1995-02-19
Michael,Rangel,ricky81@example.org,2005-05-12
Sue,Davis,raymondmoore@example.org,2000-10-15
Benjamin,Williams,joshuagray@example.org,2007-08-29
Teresa,Newton,jacksonjessica@example.net,1995-05-25
Laura,Branch,jason45@example.com,2002-03-08
Daniel,Perez,shelly04@example.net,2000-08-10
Kristi,Olson,krystalwalter@example.net,2006-05-09
Amanda,Gould,quinndana@example.org,2005-05-24
John,Thomas,roywarren@example.org,2003-09-14
Maria,Schwartz,christopher12@example.net,2005-10-28
Donald,Huffman,whitney86@example.net,1996-05-12
Sharon,Davis,eelliott@example.net,1998-01-08
Paul,Kane,oweiss@example.net,1998-06-20
Kathryn,Mahoney,jack27@example.net,2000-02-02
Kristin,Lamb,richardsbeth@example.com,1997-12-30
Debra,Williams,torresjoseph@example.net,1997-01-11
Jillian,Wiggins,gpham@example.org,2003-12-30
James,Brown,xpruitt@example.org,1995-12-01
Martha,Black,youngheather@example.com,1996-12-15
Jeffrey,Price,danielleconner@example.com,1996-10-11
Ashley,Baker,mark53@example.org,1996-07-09
Rose,Stanley,silvajoshua@example.net,2005-10-23
Jack,Bradley,smithsarah@example.org,2003-01-06
Dana,Ibarra,wfry@example.org,1998-11-25
Gregory,Martinez,christophergibson@example.com,2007-03-27
Tara,Williams,deborah95@example.net,2006-08-06
Matthew,Barnes,kevinmoore@example.com,1997-12-18
Nathan,Porter,anthony30@example.com,1996-10-27
Samantha,Scott,fmedina@example.com,2003-02-13
Shelley,Glenn,jasonstrong@example.com,2001-09-07
Kaitlyn,Martinez,rodriguezpatricia@example.com,1995-06-12
Lauren,Hale,hannah45@example.net,2002-09-15
Kristi,Cantu,smithpaul@example.org,2001-06-17
Jill,Santos,katherinecampbell@example.com,2004-04-10
Rachel,Chang,fmiller@example.com,2000-12-07
Carl,Winters,rebeccasantana@example.org,1996-05-17
Jeffery,Yoder,gary88@example.net,2004-01-24
Christopher,Meyer,emily56@example.net,2003-05-22
Rachel,Meyer,larrychaney@example.com,2006-01-11
Marisa,Rodriguez,shannon74@example.com,1995-02-08
Brandi,Wright,speterson@example.org,2002-09-28
David,Thompson,aferguson@example.net,2005-04-30
Mary,Miller,schneidersarah@example.org,2000-10-03
Joseph,Berry,maria40@example.net,1999-08-11
Michael,Gonzalez,lwall@example.org,2000-12-27
Sheila,Lynn,aaronjohnson@example.com,2000-02-29
Erica,Daniels,jonesbrandon@example.com,1999-09-15
Bruce,Dean,clifford35@example.com,2000-06-27
Lindsay,Olson,spencerdeanna@example.net,1999-12-13
Taylor,Contreras,joshua76@example.net,2004-12-16
Gregory,Brown,romerokelly@example.com,2003-02-09
Fernando,Smith,qthomas@example.org,1995-02-24
Ashley,Bruce,ashleykim@example.net,2001-03-10
Sara,Burns,rachel89@example.net,2002-03-24
Michael,Baker,bpeters@example.net,1999-12-11
Andrew,Preston,vedwards@example.com,1999-05-03
Kimberly,Larsen,nharding@example.net,2004-03-08
Natalie,Thompson,james95@example.com,1998-03-30
Brian,Parker,bentleykimberly@example.com,2002-12-07
Katherine,Miller,kbarker@example.com,2004-02-17
Jason,Luna,kristin29@example.com,2000-07-12
Chelsea,Williams,bfrazier@example.net,2004-08-17
Alan,Baker,csmith@example.org,2001-07-26
Scott,Burnett,erinbrown@example.com,2003-09-05
Sonya,Castaneda,karenhill@example.com,1996-07-12
Joel,Gonzalez,rangelamy@example.com,2004-06-11
Eric,Smith,tammy91@example.org,2006-03-23
Michaela,Perez,michealchavez@example.net,2006-02-01
Michael,Schroeder,sabrinamorrison@example.net,1995-11-21
Kelly,Cooke,butlermatthew@example.com,2003-05-31
Kathleen,Jensen,megan40@example.net,1997-10-29
Donald,Jackson,dianadaniels@example.org,1996-05-09
Mary,Hall,charlesbrown@example.net,1999-08-05
Morgan,Werner,briancruz@example.net,2000-12-17
James,Baldwin,reedcheryl@example.net,2001-02-09
Brett,James,vdavis@example.net,2000-07-29
James,Dunlap,tonyweber@example.org,1997-04-03
Samuel,Ryan,lpayne@example.net,1995-01-26
Danielle,Hall,espinozajacqueline@example.org,1997-10-14
Kimberly,Cantrell,teresa87@example.org,2000-03-02
Karen,Wilson,yorkchristine@example.net,2006-03-07
Caitlin,Cline,meredithjones@example.com,2004-09-22
Mary,Roberts,ibruce@example.com,1999-08-18
Raymond,Clark,charles84@example.org,1997-03-08
Eric,Walker,terry72@example.org,2004-12-31
Charles,Sweeney,nmiller@example.org,1999-06-19
Jade,Evans,warcher@example.net,1995-05-03
Stephen,Lewis,douglas06@example.com,2000-01-02
Martha,Ferguson,skinnerjoshua@example.org,1995-02-20
David,Jackson,brownbonnie@example.com,1999-05-11
Joseph,Johnson,jgonzalez@example.net,1995-05-26
Isaiah,Baxter,zbeasley@example.com,2005-01-27
Max,Rush,jeanette84@example.org,2005-05-30
Kevin,Gray,baguirre@example.com,2004-12-28
Karen,Reynolds,harrisanthony@example.org,2001-09-07
Patrick,Mccarthy,diamondgriffin@example.com,1999-09-24
Natalie,Boyd,ycannon@example.org,2007-10-21
Meghan,Townsend,lavila@example.com,1996-01-26
Kimberly,Patel,bhaynes@example.org,1999-12-05
Katherine,Douglas,eric07@example.org,2002-04-06
Scott,Schmidt,dadkins@example.com,2007-11-27
Mary,Ellis,zgallagher@example.org,1999-10-27
Michael,Martinez,nathanpeterson@example.net,2007-12-15
Tiffany,Hooper,daniel96@example.org,2007-08-15
James,Hamilton,taylorjacob@example.com,1996-10-15
Barbara,Pearson,tylermoore@example.net,2003-01-10
Donald,Johnson,uramirez@example.net,1998-01-24
Larry,Valdez,walterleslie@example.com,2005-01-07
James,Smith,pjohnson@example.com,1997-10-16
Andrew,Ritter,tiffanyterrell@example.com,2002-03-25
Ryan,Duncan,christopherchambers@example.net,1998-02-21
Chris,Bell,oconnorrobert@example.org,2005-08-17
Angela,Larsen,alvarezstephen@example.org,2000-12-25
Richard,Young,acarpenter@example.net,2003-07-10
Christopher,Garcia,ule@example.com,2002-04-28
Kelly,Boone,emilyhall@example.net,2005-01-31
Mallory,Clark,rnguyen@example.com,2007-03-04
